{
    "$schema": "https://schema.management.azure.com/schemas/2015-01-01/deploymentParameters.json#",
    "contentVersion": "1.0.0.0",
    "parameters": {
        "workspaces_mlwrkspcdemo_name": {
            "value": null
        },
        "storageAccounts_mlwrkspcdemo7576726175_externalid": {
            "value": null
        },
        "vaults_mlwrkspcdemo8019725384_externalid": {
            "value": null
        },
        "components_mlwrkspcdemo1501177927_externalid": {
            "value": null
        },
        "registries_mlwrkspcdemo4700080888_externalid": {
            "value": null
        }
    }
}