{
    "$schema": "https://schema.management.azure.com/schemas/2019-04-01/deploymentTemplate.json#",
    "contentVersion": "1.0.0.0",
    "parameters": {
        "workspaces_mlwrkspcdemo_name": {
            "defaultValue": "mlwrkspcdemo",
            "type": "String"
        },
        "storageAccounts_mlwrkspcdemo7576726175_externalid": {
            "defaultValue": "/subscriptions/e0aea639-33c2-4371-83bb-f4876bdc9fe3/resourceGroups/MachineLearningGroup/providers/Microsoft.Storage/storageAccounts/mlwrkspcdemo7576726175",
            "type": "String"
        },
        "vaults_mlwrkspcdemo8019725384_externalid": {
            "defaultValue": "/subscriptions/e0aea639-33c2-4371-83bb-f4876bdc9fe3/resourceGroups/MachineLearningGroup/providers/Microsoft.Keyvault/vaults/mlwrkspcdemo8019725384",
            "type": "String"
        },
        "components_mlwrkspcdemo1501177927_externalid": {
            "defaultValue": "/subscriptions/e0aea639-33c2-4371-83bb-f4876bdc9fe3/resourceGroups/MachineLearningGroup/providers/Microsoft.insights/components/mlwrkspcdemo1501177927",
            "type": "String"
        },
        "registries_mlwrkspcdemo4700080888_externalid": {
            "defaultValue": "/subscriptions/e0aea639-33c2-4371-83bb-f4876bdc9fe3/resourceGroups/MachineLearningGroup/providers/Microsoft.ContainerRegistry/registries/mlwrkspcdemo4700080888",
            "type": "String"
        }
    },
    "variables": {},
    "resources": [
        {
            "type": "Microsoft.MachineLearningServices/workspaces",
            "apiVersion": "2023-04-01",
            "name": "[parameters('workspaces_mlwrkspcdemo_name')]",
            "location": "westeurope",
            "sku": {
                "name": "Basic",
                "tier": "Basic"
            },
            "kind": "Default",
            "identity": {
                "type": "SystemAssigned"
            },
            "properties": {
                "friendlyName": "[parameters('workspaces_mlwrkspcdemo_name')]",
                "storageAccount": "[parameters('storageAccounts_mlwrkspcdemo7576726175_externalid')]",
                "keyVault": "[parameters('vaults_mlwrkspcdemo8019725384_externalid')]",
                "applicationInsights": "[parameters('components_mlwrkspcdemo1501177927_externalid')]",
                "hbiWorkspace": false,
                "v1LegacyMode": false,
                "containerRegistry": "[parameters('registries_mlwrkspcdemo4700080888_externalid')]",
                "publicNetworkAccess": "Enabled",
                "discoveryUrl": "https://westeurope.api.azureml.ms/discovery"
            }
        },
        {
            "type": "Microsoft.MachineLearningServices/workspaces/datastores",
            "apiVersion": "2023-04-01",
            "name": "[concat(parameters('workspaces_mlwrkspcdemo_name'), '/workspaceartifactstore')]",
            "dependsOn": [
                "[resourceId('Microsoft.MachineLearningServices/workspaces', parameters('workspaces_mlwrkspcdemo_name'))]"
            ],
            "properties": {
                "credentials": {
                    "credentialsType": "AccountKey",
                    "secrets": {}
                },
                "datastoreType": "AzureBlob",
                "accountName": "mlwrkspcdemo7576726175",
                "containerName": "azureml",
                "endpoint": "core.windows.net",
                "protocol": "https",
                "serviceDataAccessAuthIdentity": "None"
            }
        },
        {
            "type": "Microsoft.MachineLearningServices/workspaces/datastores",
            "apiVersion": "2023-04-01",
            "name": "[concat(parameters('workspaces_mlwrkspcdemo_name'), '/workspaceblobstore')]",
            "dependsOn": [
                "[resourceId('Microsoft.MachineLearningServices/workspaces', parameters('workspaces_mlwrkspcdemo_name'))]"
            ],
            "properties": {
                "credentials": {
                    "credentialsType": "AccountKey",
                    "secrets": {}
                },
                "datastoreType": "AzureBlob",
                "accountName": "mlwrkspcdemo7576726175",
                "containerName": "azureml-blobstore-41ff0f1d-7313-446d-8fc1-ad9f58568f19",
                "endpoint": "core.windows.net",
                "protocol": "https",
                "serviceDataAccessAuthIdentity": "WorkspaceSystemAssignedIdentity"
            }
        },
        {
            "type": "Microsoft.MachineLearningServices/workspaces/datastores",
            "apiVersion": "2023-04-01",
            "name": "[concat(parameters('workspaces_mlwrkspcdemo_name'), '/workspacefilestore')]",
            "dependsOn": [
                "[resourceId('Microsoft.MachineLearningServices/workspaces', parameters('workspaces_mlwrkspcdemo_name'))]"
            ],
            "properties": {
                "credentials": {
                    "credentialsType": "AccountKey",
                    "secrets": {}
                },
                "datastoreType": "AzureFile",
                "accountName": "mlwrkspcdemo7576726175",
                "fileShareName": "azureml-filestore-41ff0f1d-7313-446d-8fc1-ad9f58568f19",
                "endpoint": "core.windows.net",
                "protocol": "https",
                "serviceDataAccessAuthIdentity": "None"
            }
        },
        {
            "type": "Microsoft.MachineLearningServices/workspaces/datastores",
            "apiVersion": "2023-04-01",
            "name": "[concat(parameters('workspaces_mlwrkspcdemo_name'), '/workspaceworkingdirectory')]",
            "dependsOn": [
                "[resourceId('Microsoft.MachineLearningServices/workspaces', parameters('workspaces_mlwrkspcdemo_name'))]"
            ],
            "properties": {
                "credentials": {
                    "credentialsType": "AccountKey",
                    "secrets": {}
                },
                "datastoreType": "AzureFile",
                "accountName": "mlwrkspcdemo7576726175",
                "fileShareName": "code-391ff5ac-6576-460f-ba4d-7e03433c68b6",
                "endpoint": "core.windows.net",
                "protocol": "https",
                "serviceDataAccessAuthIdentity": "None"
            }
        }
    ]
}